-- MySQL dump 10.13  Distrib 8.0.36, for Win64 (x86_64)
--
-- Host: 127.0.0.1    Database: kalapache
-- ------------------------------------------------------
-- Server version	5.5.5-10.4.32-MariaDB

/*!40101 SET @OLD_CHARACTER_SET_CLIENT=@@CHARACTER_SET_CLIENT */;
/*!40101 SET @OLD_CHARACTER_SET_RESULTS=@@CHARACTER_SET_RESULTS */;
/*!40101 SET @OLD_COLLATION_CONNECTION=@@COLLATION_CONNECTION */;
/*!50503 SET NAMES utf8 */;
/*!40103 SET @OLD_TIME_ZONE=@@TIME_ZONE */;
/*!40103 SET TIME_ZONE='+00:00' */;
/*!40014 SET @OLD_UNIQUE_CHECKS=@@UNIQUE_CHECKS, UNIQUE_CHECKS=0 */;
/*!40014 SET @OLD_FOREIGN_KEY_CHECKS=@@FOREIGN_KEY_CHECKS, FOREIGN_KEY_CHECKS=0 */;
/*!40101 SET @OLD_SQL_MODE=@@SQL_MODE, SQL_MODE='NO_AUTO_VALUE_ON_ZERO' */;
/*!40111 SET @OLD_SQL_NOTES=@@SQL_NOTES, SQL_NOTES=0 */;

--
-- Table structure for table `artist`
--

DROP TABLE IF EXISTS `artist`;
/*!40101 SET @saved_cs_client     = @@character_set_client */;
/*!50503 SET character_set_client = utf8mb4 */;
CREATE TABLE `artist` (
  `ArtistID` int(11) NOT NULL AUTO_INCREMENT,
  `ArtistName` varchar(45) NOT NULL,
  `ArtistType` varchar(45) NOT NULL,
  `Genre` varchar(45) NOT NULL,
  `RecordLabel` varchar(45) NOT NULL,
  `TourName` varchar(45) NOT NULL,
  `ArtistPicture` blob DEFAULT NULL,
  PRIMARY KEY (`ArtistID`)
) ENGINE=InnoDB AUTO_INCREMENT=21 DEFAULT CHARSET=utf8mb4 COLLATE=utf8mb4_unicode_ci;
/*!40101 SET character_set_client = @saved_cs_client */;

--
-- Dumping data for table `artist`
--

LOCK TABLES `artist` WRITE;
/*!40000 ALTER TABLE `artist` DISABLE KEYS */;
INSERT INTO `artist` VALUES (1,'Taylor Swift','Solo','Pop','Republic','Red Tour',NULL),(2,'Ed Sheeran','Solo','Pop','Atlantic','Divide Tour',NULL),(3,'Beyoncé','Solo','R&B','Columbia','Formation Tour',NULL),(4,'Coldplay','Band','Rock','Parlophone','A Head Full of Dreams Tour',NULL),(5,'Drake','Solo','Hip Hop','Republic ','Summer Sixteen Tour',NULL),(6,'Adele ','Solo','Pop','XL Recordings','Adele Live 2016',NULL),(7,'Bruno Mars','Solo','Pop','Atlantic','24K Magic Tour World',NULL),(8,'Rihanna ','Solo','R&B','Roc Nation ','Anti World Tour',NULL),(9,'Kanye West','Solo','Hip Hop','Def Jam ','Saint Pablo Tour',NULL),(10,'Justin Bieber ','Solo ','Pop ','Def Jam ','Purpose World Tour',NULL),(11,'Lady Gaga','Solo ','Pop','Interscope','Joanne World Tour',NULL),(12,'Maroon 5','Band','Pop','Interscope','Red Pill Blues Tour',NULL),(13,'Ariana Grande','Solo','Pop','Republic ','Dangerous Woman Tour',NULL),(14,'The Weeknd ','Solo','R&B','Republic ','Starboy: Legend of the Fall Tour',NULL),(15,'Pink','Solo','Pop','RCA','Beautiful Trauma World Tour',NULL),(16,'Katy Perry','Solo','Pop','Capitol','Witness: The Tour',NULL),(17,'Eminem','Solo','Hip Hop','Aftermath','Revival Tour',NULL),(18,'Jay-Z','Solo','Hip Hop','Roc Nation','The Joshua Tree Tour',NULL),(19,'Imagine Dragons','Band','Rock','Interscope','Evolve World Tour',NULL),(20,'Post Malone','Solo','Hip Hop','Republic','Runaway Tour',NULL);
/*!40000 ALTER TABLE `artist` ENABLE KEYS */;
UNLOCK TABLES;

--
-- Table structure for table `ewallet`
--

DROP TABLE IF EXISTS `ewallet`;
/*!40101 SET @saved_cs_client     = @@character_set_client */;
/*!50503 SET character_set_client = utf8mb4 */;
CREATE TABLE `ewallet` (
  `ewallet` varchar(45) NOT NULL,
  PRIMARY KEY (`ewallet`)
) ENGINE=InnoDB DEFAULT CHARSET=utf8mb4 COLLATE=utf8mb4_unicode_ci;
/*!40101 SET character_set_client = @saved_cs_client */;

--
-- Dumping data for table `ewallet`
--

LOCK TABLES `ewallet` WRITE;
/*!40000 ALTER TABLE `ewallet` DISABLE KEYS */;
INSERT INTO `ewallet` VALUES ('ApplePay'),('DragonPay'),('GCASH'),('PayMaya');
/*!40000 ALTER TABLE `ewallet` ENABLE KEYS */;
UNLOCK TABLES;

--
-- Table structure for table `loyalty_card`
--

DROP TABLE IF EXISTS `loyalty_card`;
/*!40101 SET @saved_cs_client     = @@character_set_client */;
/*!50503 SET character_set_client = utf8mb4 */;
CREATE TABLE `loyalty_card` (
  `LoyaltyID` int(11) NOT NULL AUTO_INCREMENT,
  `UserID` int(11) NOT NULL,
  PRIMARY KEY (`LoyaltyID`,`UserID`),
  KEY `UserID_idx` (`UserID`)
) ENGINE=InnoDB AUTO_INCREMENT=2 DEFAULT CHARSET=utf8mb4 COLLATE=utf8mb4_unicode_ci;
/*!40101 SET character_set_client = @saved_cs_client */;

--
-- Dumping data for table `loyalty_card`
--

LOCK TABLES `loyalty_card` WRITE;
/*!40000 ALTER TABLE `loyalty_card` DISABLE KEYS */;
INSERT INTO `loyalty_card` VALUES (1,2);
/*!40000 ALTER TABLE `loyalty_card` ENABLE KEYS */;
UNLOCK TABLES;

--
-- Table structure for table `redeemed_tickets`
--

DROP TABLE IF EXISTS `redeemed_tickets`;
/*!40101 SET @saved_cs_client     = @@character_set_client */;
/*!50503 SET character_set_client = utf8mb4 */;
CREATE TABLE `redeemed_tickets` (
  `RedeemID` int(11) NOT NULL AUTO_INCREMENT,
  `RedeemDate` date NOT NULL,
  `UserID` int(11) NOT NULL,
  `TicketCode` int(11) NOT NULL,
  PRIMARY KEY (`RedeemID`),
  KEY `UserID_idx` (`UserID`),
  KEY `TicketCode_idx` (`TicketCode`),
  CONSTRAINT `TicketCode` FOREIGN KEY (`TicketCode`) REFERENCES `ticket_orders` (`OrderID`),
  CONSTRAINT `UserID` FOREIGN KEY (`UserID`) REFERENCES `user` (`UserID`)
) ENGINE=InnoDB DEFAULT CHARSET=utf8mb4 COLLATE=utf8mb4_unicode_ci;
/*!40101 SET character_set_client = @saved_cs_client */;

--
-- Dumping data for table `redeemed_tickets`
--

LOCK TABLES `redeemed_tickets` WRITE;
/*!40000 ALTER TABLE `redeemed_tickets` DISABLE KEYS */;
INSERT INTO `redeemed_tickets` VALUES (1,'2024-01-01',2,1),(2,'2024-01-02',2,2),(3,'2024-01-03',2,3),(4,'2024-01-04',2,4),(5,'2024-01-05',2,5),(6,'2024-01-06',2,6),(7,'2024-01-07',2,7),(8,'2024-01-08',2,8),(9,'2024-01-09',2,9),(10,'2024-01-10',2,10),(11,'2024-01-11',2,11),(12,'2024-01-12',2,12),(13,'2024-01-13',2,13),(14,'2024-01-14',2,14),(15,'2024-01-15',2,15),(16,'2024-01-16',2,16),(17,'2024-01-17',2,17),(18,'2024-01-18',2,18),(19,'2024-01-19',2,19),(20,'2024-01-20',2,20),(21,'2024-01-21',2,21),(22,'2024-01-22',2,22),(23,'2024-01-23',2,23),(24,'2024-01-24',2,24),(25,'2024-01-25',2,25),(26,'2024-01-26',2,26),(27,'2024-01-27',2,27),(28,'2024-01-28',2,28),(29,'2024-01-29',2,29),(30,'2024-01-30',2,30),(31,'2024-01-31',7,31),(32,'2023-02-01',7,32),(33,'2024-02-02',4,33),(34,'2024-02-03',5,34),(35,'2024-02-04',3,35),(36,'2024-02-06',3,36),(37,'2024-02-10',4,37),(38,'2024-02-25',5,38),(39,'2024-02-08',6,39),(40,'2024-03-05',7,40),(41,'2024-02-14',8,41),(42,'2024-02-18',2,42),(43,'2024-03-19',3,43),(44,'2024-03-10',4,44),(45,'2024-02-15',5,45),(46,'2024-03-17',6,46),(47,'2024-04-10',7,47),(48,'2024-03-28',8,48),(49,'2024-03-15',2,49),(50,'2024-04-03',3,50),(51,'2024-02-11',4,51),(52,'2024-04-01',5,52),(53,'2024-03-26',6,53),(54,'2024-02-28',7,54),(55,'2024-04-13',8,55),(56,'2024-03-22',2,56),(57,'2024-02-07',3,57),(58,'2024-03-09',4,58),(59,'2024-03-01',5,59),(60,'2024-04-20',6,60),(61,'2024-03-04',7,61),(62,'2024-02-12',8,62),(63,'2024-03-18',2,63),(64,'2024-03-23',3,64),(65,'2024-02-21',4,65),(66,'2024-04-07',5,66),(67,'2024-02-13',6,67),(68,'2024-03-14',7,68),(69,'2024-02-22',8,69),(70,'2024-04-12',2,70),(71,'2024-03-02',3,71),(72,'2024-03-24',4,72),(73,'2024-03-07',5,73),(74,'2024-02-16',6,74),(75,'2024-02-19',7,75),(76,'2024-03-13',8,76),(77,'2024-04-11',2,77),(78,'2024-03-03',3,78),(79,'2024-03-27',4,79),(80,'2024-02-17',5,80),(81,'2024-04-05',6,81),(82,'2024-03-21',7,82),(83,'2024-04-15',8,83),(84,'2024-03-08',2,84),(85,'2024-02-20',3,85),(86,'2024-02-23',4,86),(87,'2024-04-06',5,87),(88,'2024-03-16',6,88),(89,'2024-04-17',7,89),(90,'2024-02-24',8,90),(91,'2024-04-11',2,91),(92,'2024-04-08',4,92),(93,'2024-02-06',6,93),(94,'2024-04-22',6,94),(95,'2024-02-19',6,95),(96,'2024-03-30',7,96),(97,'2024-03-29',2,97),(98,'2024-02-16',5,98),(99,'2024-03-10',2,99),(100,'2024-02-18',8,100),(101,'2024-03-11',3,101),(102,'2024-03-07',4,102),(103,'2024-02-27',5,103),(104,'2024-04-19',6,104),(105,'2024-03-18',7,105),(106,'2024-02-09',8,106),(107,'2024-03-05',2,107),(108,'2024-04-10',3,108),(109,'2024-03-14',4,109),(110,'2024-02-13',5,110),(111,'2024-04-04',6,111),(112,'2024-02-24',7,112),(113,'2024-03-16',8,113),(114,'2024-04-02',2,114),(115,'2024-03-01',3,115),(116,'2024-04-23',4,116),(117,'2024-02-12',5,117),(118,'2024-03-25',6,118),(119,'2024-04-07',7,119),(120,'2024-02-17',8,120),(121,'2024-03-21',2,121),(122,'2024-02-08',3,122),(123,'2024-04-01',4,123),(124,'2024-03-12',5,124),(125,'2024-04-18',6,125),(126,'2024-02-22',7,126),(127,'2024-03-03',8,127),(128,'2024-04-21',2,128),(129,'2024-03-20',3,129),(130,'2024-02-05',4,130),(131,'2024-04-16',5,131),(132,'2024-02-28',6,132),(133,'2024-03-08',7,133),(134,'2024-02-10',8,134),(135,'2024-03-27',2,135),(136,'2024-04-03',3,136),(137,'2024-02-23',3,137),(138,'2024-03-27',4,138),(139,'2024-04-12',5,139),(140,'2024-02-25',6,140),(141,'2024-03-31',7,141),(142,'2024-04-25',8,142),(143,'2024-02-27',2,143),(144,'2024-04-02',3,144),(145,'2024-03-04',4,145),(146,'2024-02-29',5,146),(147,'2024-03-06',6,147),(148,'2024-04-04',7,148),(149,'2024-03-08',8,149),(150,'2024-02-03',2,150),(151,'2024-03-10',3,151),(152,'2024-04-06',4,152),(153,'2024-03-12',5,153),(154,'2024-02-07',6,154),(155,'2024-03-14',7,155),(156,'2024-04-08',8,156),(157,'2024-03-16',2,157),(158,'2024-02-11',3,158),(159,'2024-03-18',4,159),(160,'2024-04-10',5,160),(161,'2024-03-20',6,161),(162,'2024-02-15',7,162),(163,'2024-03-22',8,163),(164,'2024-04-12',2,164),(165,'2024-03-24',3,165),(166,'2024-02-19',4,166),(167,'2024-03-26',5,167),(168,'2024-04-14',6,168),(169,'2024-03-28',7,169),(170,'2024-02-23',8,170),(171,'2024-03-30',2,171),(172,'2024-04-16',3,172),(173,'2024-03-02',4,173),(174,'2024-04-18',5,174),(175,'2024-03-04',6,175),(176,'2024-02-27',7,176),(177,'2024-03-06',8,177),(178,'2024-04-20',2,178),(179,'2024-03-08',3,179),(180,'2024-02-01',4,180),(181,'2024-03-10',5,181),(182,'2024-04-22',6,182),(183,'2024-03-12',7,183),(184,'2024-02-05',8,184),(185,'2024-03-14',2,185),(186,'2024-04-24',3,186),(187,'2024-03-16',4,187),(188,'2024-02-09',5,188),(189,'2024-03-18',6,189),(190,'2024-04-26',7,190),(191,'2024-03-20',8,191),(192,'2024-02-13',2,192),(193,'2024-03-22',3,193),(194,'2024-04-28',4,194),(195,'2024-03-24',5,195),(196,'2024-02-17',6,196),(197,'2024-03-26',7,197),(198,'2024-04-30',8,198),(199,'2024-03-28',2,199),(200,'2024-02-21',3,200);
/*!40000 ALTER TABLE `redeemed_tickets` ENABLE KEYS */;
UNLOCK TABLES;

--
-- Table structure for table `schedule`
--

DROP TABLE IF EXISTS `schedule`;
/*!40101 SET @saved_cs_client     = @@character_set_client */;
/*!50503 SET character_set_client = utf8mb4 */;
CREATE TABLE `schedule` (
  `ScheduleID` int(11) NOT NULL AUTO_INCREMENT,
  `Date` date NOT NULL,
  `Time` time NOT NULL,
  `ArtistID` int(11) NOT NULL,
  `AlbumPicture` blob DEFAULT NULL,
  PRIMARY KEY (`ScheduleID`),
  KEY `ArtistID_idx` (`ArtistID`),
  CONSTRAINT `ArtistID` FOREIGN KEY (`ArtistID`) REFERENCES `artist` (`ArtistID`) ON UPDATE CASCADE
) ENGINE=InnoDB AUTO_INCREMENT=101 DEFAULT CHARSET=utf8mb4 COLLATE=utf8mb4_unicode_ci;
/*!40101 SET character_set_client = @saved_cs_client */;

--
-- Dumping data for table `schedule`
--

LOCK TABLES `schedule` WRITE;
/*!40000 ALTER TABLE `schedule` DISABLE KEYS */;
INSERT INTO `schedule` VALUES (1,'2024-04-15','19:00:00',1,NULL),(2,'2024-05-20','20:30:00',2,NULL),(3,'2024-06-10','21:00:00',3,NULL),(4,'2024-07-05','19:30:00',4,NULL),(5,'2024-08-12','20:00:00',5,NULL),(6,'2024-09-02','21:30:00',6,NULL),(7,'2024-09-20','19:45:00',7,NULL),(8,'2024-10-10','20:15:00',8,NULL),(9,'2024-11-05','22:00:00',9,NULL),(10,'2024-12-03','18:45:00',10,NULL),(11,'2025-01-15','19:30:00',11,NULL),(12,'2025-02-20','20:15:00',12,NULL),(13,'2025-03-10','21:00:00',13,NULL),(14,'2025-04-05','19:45:00',14,NULL),(15,'2025-05-20','20:30:00',15,NULL),(16,'2025-06-15','21:15:00',16,NULL),(17,'2025-07-10','20:00:00',17,NULL),(18,'2025-08-05','19:30:00',18,NULL),(19,'2025-09-02','20:45:00',19,NULL),(20,'2025-10-20','21:30:00',20,NULL),(21,'2026-01-18','21:33:00',1,NULL),(22,'2026-01-12','19:51:00',2,NULL),(23,'2026-01-20','18:47:00',3,NULL),(24,'2026-01-19','21:50:00',4,NULL),(25,'2026-01-01','20:13:00',5,NULL),(26,'2026-01-28','22:39:00',6,NULL),(27,'2026-01-23','21:01:00',7,NULL),(28,'2026-01-04','20:10:00',8,NULL),(29,'2026-01-05','22:46:00',9,NULL),(30,'2026-01-24','19:38:00',10,NULL),(31,'2026-01-03','20:05:00',11,NULL),(32,'2026-01-27','18:05:00',12,NULL),(33,'2024-01-13','19:30:00',13,NULL),(34,'2024-01-22','20:00:00',14,NULL),(35,'2024-01-02','18:45:00',15,NULL),(36,'2024-01-28','21:15:00',16,NULL),(37,'2024-01-17','19:00:00',17,NULL),(38,'2024-01-09','20:30:00',18,NULL),(39,'2024-01-14','22:00:00',19,NULL),(40,'2024-01-06','18:00:00',20,NULL),(41,'2024-02-03','19:30:00',1,NULL),(42,'2024-02-12','20:00:00',2,NULL),(43,'2024-02-21','18:45:00',3,NULL),(44,'2024-02-07','21:15:00',4,NULL),(45,'2024-02-15','19:00:00',5,NULL),(46,'2024-02-09','20:30:00',6,NULL),(47,'2024-02-18','22:00:00',7,NULL),(48,'2024-02-04','18:00:00',8,NULL),(49,'2024-02-13','19:30:00',9,NULL),(50,'2024-02-22','20:00:00',10,NULL),(51,'2024-02-08','18:45:00',11,NULL),(52,'2024-02-16','21:15:00',12,NULL),(53,'2024-02-10','19:00:00',13,NULL),(54,'2024-02-19','20:30:00',14,NULL),(55,'2024-02-05','22:00:00',15,NULL),(56,'2024-02-14','18:00:00',16,NULL),(57,'2024-02-23','19:30:00',17,NULL),(58,'2024-02-11','20:00:00',18,NULL),(59,'2024-02-20','18:45:00',19,NULL),(60,'2024-02-06','21:15:00',20,NULL),(61,'2024-03-03','19:30:00',1,NULL),(62,'2024-03-12','20:00:00',2,NULL),(63,'2024-03-21','18:45:00',3,NULL),(64,'2024-03-07','21:15:00',4,NULL),(65,'2024-03-15','19:00:00',5,NULL),(66,'2024-03-09','20:30:00',6,NULL),(67,'2024-03-18','22:00:00',7,NULL),(68,'2024-03-04','18:00:00',8,NULL),(69,'2024-03-13','19:30:00',9,NULL),(70,'2024-03-22','20:00:00',10,NULL),(71,'2024-03-08','18:45:00',11,NULL),(72,'2024-03-16','21:15:00',12,NULL),(73,'2024-03-10','19:00:00',13,NULL),(74,'2024-03-19','20:30:00',14,NULL),(75,'2024-03-05','22:00:00',15,NULL),(76,'2024-03-14','18:00:00',16,NULL),(77,'2024-03-23','19:30:00',17,NULL),(78,'2024-03-11','20:00:00',18,NULL),(79,'2024-03-20','18:45:00',19,NULL),(80,'2024-03-06','21:15:00',20,NULL),(81,'2024-04-13','18:58:00',1,NULL),(82,'2024-04-12','20:03:00',2,NULL),(83,'2024-04-21','22:49:00',3,NULL),(84,'2024-04-28','19:05:00',4,NULL),(85,'2024-04-27','18:28:00',5,NULL),(86,'2024-04-11','18:17:00',6,NULL),(87,'2024-04-09','18:02:00',7,NULL),(88,'2024-04-19','21:13:00',8,NULL),(89,'2024-04-15','21:40:00',9,NULL),(90,'2024-04-09','22:06:00',10,NULL),(91,'2024-04-23','21:12:00',11,NULL),(92,'2024-04-17','18:35:00',12,NULL),(93,'2024-04-10','19:39:00',13,NULL),(94,'2024-04-12','18:48:00',14,NULL),(95,'2024-04-10','20:40:00',15,NULL),(96,'2024-04-12','20:07:00',16,NULL),(97,'2024-04-08','21:19:00',17,NULL),(98,'2024-04-23','18:45:00',18,NULL),(99,'2024-04-05','19:35:00',19,NULL),(100,'2024-04-07','20:59:00',20,NULL);
/*!40000 ALTER TABLE `schedule` ENABLE KEYS */;
UNLOCK TABLES;

--
-- Table structure for table `ticket`
--

DROP TABLE IF EXISTS `ticket`;
/*!40101 SET @saved_cs_client     = @@character_set_client */;
/*!50503 SET character_set_client = utf8mb4 */;
CREATE TABLE `ticket` (
  `TicketID` int(11) NOT NULL AUTO_INCREMENT,
  `Price` int(11) NOT NULL,
  `ScheduleID` int(11) NOT NULL,
  PRIMARY KEY (`TicketID`),
  KEY `ScheduleID_idx` (`ScheduleID`),
  CONSTRAINT `ScheduleID` FOREIGN KEY (`ScheduleID`) REFERENCES `schedule` (`ScheduleID`) ON UPDATE CASCADE
) ENGINE=InnoDB AUTO_INCREMENT=101 DEFAULT CHARSET=utf8mb4 COLLATE=utf8mb4_unicode_ci;
/*!40101 SET character_set_client = @saved_cs_client */;

--
-- Dumping data for table `ticket`
--

LOCK TABLES `ticket` WRITE;
/*!40000 ALTER TABLE `ticket` DISABLE KEYS */;
INSERT INTO `ticket` VALUES (1,449,1),(2,394,2),(3,397,3),(4,373,4),(5,495,5),(6,490,6),(7,284,7),(8,380,8),(9,407,9),(10,266,10),(11,303,11),(12,330,12),(13,351,13),(14,486,14),(15,439,15),(16,371,16),(17,270,17),(18,334,18),(19,415,19),(20,321,20),(21,264,21),(22,375,22),(23,431,23),(24,345,24),(25,411,25),(26,484,26),(27,372,27),(28,357,28),(29,439,29),(30,360,30),(31,300,31),(32,370,32),(33,310,33),(34,297,34),(35,403,35),(36,359,36),(37,463,37),(38,460,38),(39,383,39),(40,406,40),(41,337,41),(42,279,42),(43,370,43),(44,401,44),(45,337,45),(46,342,46),(47,345,47),(48,435,48),(49,383,49),(50,475,50),(51,479,51),(52,308,52),(53,338,53),(54,311,54),(55,415,55),(56,457,56),(57,371,57),(58,326,58),(59,310,59),(60,311,60),(61,272,61),(62,276,62),(63,418,63),(64,337,64),(65,375,65),(66,420,66),(67,352,67),(68,253,68),(69,285,69),(70,359,70),(71,340,71),(72,272,72),(73,260,73),(74,290,74),(75,371,75),(76,425,76),(77,491,77),(78,283,78),(79,486,79),(80,478,80),(81,356,81),(82,481,82),(83,457,83),(84,462,84),(85,346,85),(86,270,86),(87,486,87),(88,489,88),(89,256,89),(90,483,90),(91,485,91),(92,270,92),(93,407,93),(94,345,94),(95,296,95),(96,259,96),(97,302,97),(98,472,98),(99,490,99),(100,316,100);
/*!40000 ALTER TABLE `ticket` ENABLE KEYS */;
UNLOCK TABLES;

--
-- Table structure for table `ticket_orders`
--

DROP TABLE IF EXISTS `ticket_orders`;
/*!40101 SET @saved_cs_client     = @@character_set_client */;
/*!50503 SET character_set_client = utf8mb4 */;
CREATE TABLE `ticket_orders` (
  `OrderID` int(11) NOT NULL AUTO_INCREMENT,
  `TicketID` int(11) NOT NULL,
  `TicketCode` int(11) NOT NULL,
  `TransactionID` int(11) NOT NULL,
  PRIMARY KEY (`OrderID`,`TicketID`),
  UNIQUE KEY `TicketCode_UNIQUE` (`TicketCode`),
  KEY `TicketID_idx` (`TicketID`),
  KEY `TransactionID_idx` (`TransactionID`),
  CONSTRAINT `TicketID` FOREIGN KEY (`TicketID`) REFERENCES `ticket` (`TicketID`) ON DELETE CASCADE ON UPDATE CASCADE,
  CONSTRAINT `TransactionID` FOREIGN KEY (`TransactionID`) REFERENCES `transaction` (`TransactionID`)
) ENGINE=InnoDB AUTO_INCREMENT=201 DEFAULT CHARSET=utf8mb4 COLLATE=utf8mb4_unicode_ci;
/*!40101 SET character_set_client = @saved_cs_client */;

--
-- Dumping data for table `ticket_orders`
--

LOCK TABLES `ticket_orders` WRITE;
/*!40000 ALTER TABLE `ticket_orders` DISABLE KEYS */;
INSERT INTO `ticket_orders` VALUES (1,2,1,1),(2,5,2,2),(3,3,3,3),(4,1,4,4),(5,2,5,5),(6,3,6,6),(7,4,7,7),(8,4,8,8),(9,3,9,9),(10,5,10,10),(11,1,11,11),(12,2,12,12),(13,1,13,13),(14,3,14,14),(15,3,15,15),(16,4,16,16),(17,4,17,17),(18,5,18,18),(19,2,19,19),(20,2,20,20),(21,2,21,21),(22,3,22,22),(23,5,23,23),(24,5,24,24),(25,2,25,25),(26,2,26,26),(27,2,27,27),(28,2,28,28),(29,2,29,29),(30,2,30,30),(31,3,31,31),(32,4,32,32),(33,4,33,33),(34,4,34,34),(35,4,35,35),(36,6,36,36),(37,1,37,37),(38,2,38,38),(39,3,39,39),(40,4,40,40),(41,5,41,41),(42,6,42,42),(43,1,43,43),(44,2,44,44),(45,3,45,45),(46,4,46,46),(47,5,47,47),(48,6,48,48),(49,1,49,49),(50,2,50,50),(51,3,51,51),(52,4,52,52),(53,5,53,53),(54,6,54,54),(55,1,55,55),(56,2,56,56),(57,3,57,57),(58,4,58,58),(59,5,59,59),(60,6,60,60),(61,1,61,61),(62,2,62,62),(63,3,63,63),(64,4,64,64),(65,5,65,65),(66,6,66,66),(67,1,67,67),(68,2,68,68),(69,3,69,69),(70,4,70,70),(71,5,71,71),(72,6,72,72),(73,1,73,73),(74,2,74,74),(75,3,75,75),(76,4,76,76),(77,5,77,77),(78,6,78,78),(79,1,79,79),(80,2,80,80),(81,3,81,81),(82,4,82,82),(83,5,83,83),(84,6,84,84),(85,1,85,85),(86,2,86,86),(87,3,87,87),(88,4,88,88),(89,5,89,89),(90,6,90,90),(91,1,91,91),(92,2,92,92),(93,3,93,93),(94,4,94,94),(95,5,95,95),(96,6,96,96),(97,1,97,97),(98,2,98,98),(99,3,99,99),(100,4,100,100),(101,5,101,101),(102,6,102,102),(103,1,103,103),(104,2,104,104),(105,3,105,105),(106,4,106,106),(107,5,107,107),(108,6,108,108),(109,1,109,109),(110,2,110,110),(111,3,111,111),(112,4,112,112),(113,5,113,113),(114,6,114,114),(115,1,115,115),(116,2,116,116),(117,3,117,117),(118,4,118,118),(119,5,119,119),(120,6,120,120),(121,1,121,121),(122,2,122,122),(123,3,123,123),(124,4,124,124),(125,5,125,125),(126,6,126,126),(127,1,127,127),(128,2,128,128),(129,3,129,129),(130,4,130,130),(131,5,131,131),(132,6,132,132),(133,1,133,133),(134,2,134,134),(135,3,135,135),(136,4,136,136),(137,5,137,137),(138,6,138,138),(139,1,139,139),(140,2,140,140),(141,3,141,141),(142,4,142,142),(143,5,143,143),(144,6,144,144),(145,1,145,145),(146,2,146,146),(147,3,147,147),(148,4,148,148),(149,5,149,149),(150,6,150,150),(151,1,151,151),(152,2,152,152),(153,3,153,153),(154,4,154,154),(155,5,155,155),(156,6,156,156),(157,1,157,157),(158,2,158,158),(159,3,159,159),(160,4,160,160),(161,5,161,161),(162,6,162,162),(163,1,163,163),(164,2,164,164),(165,3,165,165),(166,4,166,166),(167,5,167,167),(168,6,168,168),(169,1,169,169),(170,2,170,170),(171,3,171,171),(172,4,172,172),(173,5,173,173),(174,6,174,174),(175,1,175,175),(176,2,176,176),(177,3,177,177),(178,4,178,178),(179,5,179,179),(180,6,180,180),(181,1,181,181),(182,2,182,182),(183,3,183,183),(184,4,184,184),(185,5,185,185),(186,6,186,186),(187,1,187,187),(188,2,188,188),(189,3,189,189),(190,4,190,190),(191,5,191,191),(192,6,192,192),(193,1,193,193),(194,2,194,194),(195,3,195,195),(196,4,196,196),(197,5,197,197),(198,6,198,198),(199,1,199,199),(200,2,200,200);
/*!40000 ALTER TABLE `ticket_orders` ENABLE KEYS */;
UNLOCK TABLES;

--
-- Table structure for table `transaction`
--

DROP TABLE IF EXISTS `transaction`;
/*!40101 SET @saved_cs_client     = @@character_set_client */;
/*!50503 SET character_set_client = utf8mb4 */;
CREATE TABLE `transaction` (
  `TransactionID` int(11) NOT NULL AUTO_INCREMENT,
  `UserID` int(11) NOT NULL,
  `EWalletType` varchar(45) NOT NULL,
  `PhoneNumber` varchar(45) NOT NULL,
  `TransactionDate` date NOT NULL,
  PRIMARY KEY (`TransactionID`,`UserID`),
  KEY `fk_TRANSACTION_User_idx` (`UserID`),
  KEY `fk_TRANSACTION_EWallet_idx` (`EWalletType`),
  CONSTRAINT `fk_TRANSACTION_EWallet` FOREIGN KEY (`EWalletType`) REFERENCES `ewallet` (`ewallet`),
  CONSTRAINT `fk_TRANSACTION_User` FOREIGN KEY (`UserID`) REFERENCES `user` (`UserID`)
) ENGINE=InnoDB AUTO_INCREMENT=201 DEFAULT CHARSET=utf8mb4 COLLATE=utf8mb4_unicode_ci;
/*!40101 SET character_set_client = @saved_cs_client */;

--
-- Dumping data for table `transaction`
--

LOCK TABLES `transaction` WRITE;
/*!40000 ALTER TABLE `transaction` DISABLE KEYS */;
INSERT INTO `transaction` VALUES (1,3,'DragonPay','09294551545','2024-03-01'),(2,2,'DragonPay','09551073326','2024-03-02'),(3,5,'GCASH','09147191177','2024-03-03'),(4,3,'PayMaya','09285123007','2024-03-04'),(5,5,'GCASH','09877006182','2024-03-05'),(6,2,'ApplePay','09409329345','2024-03-06'),(7,2,'GCASH','09793746943','2024-03-07'),(8,2,'PayMaya','09303545676','2024-03-08'),(9,3,'ApplePay','09724639424','2024-03-09'),(10,3,'GCASH','09279851101','2024-03-10'),(11,5,'DragonPay','09747076809','2024-03-11'),(12,3,'PayMaya','09233580746','2024-03-12'),(13,4,'GCASH','09283654293','2024-03-13'),(14,4,'ApplePay','09997857804','2024-03-14'),(15,3,'PayMaya','09517127803','2024-03-15'),(16,4,'PayMaya','09911734648','2024-03-16'),(17,5,'GCASH','09997164187','2024-03-17'),(18,4,'ApplePay','09520801205','2024-03-18'),(19,5,'ApplePay','09257214326','2024-03-19'),(20,2,'PayMaya','09357793842','2024-03-20'),(21,2,'ApplePay','09251887936','2024-03-21'),(22,3,'GCASH','09160093241','2024-03-22'),(23,4,'ApplePay','09402837206','2024-03-23'),(24,5,'DragonPay','09796461173','2024-03-24'),(25,5,'ApplePay','09390320233','2024-03-25'),(26,3,'GCASH','09243931226','2024-03-26'),(27,3,'DragonPay','09855075810','2024-03-27'),(28,5,'GCASH','09175441296','2024-03-28'),(29,4,'PayMaya','09298751745','2024-03-29'),(30,4,'ApplePay','09624262045','2024-03-30'),(31,3,'GCASH','09249570855','2024-03-31'),(32,4,'GCASH','09933582505','2024-03-01'),(33,2,'PayMaya','09623420499','2024-03-02'),(34,4,'GCASH','09444910835','2024-03-03'),(35,5,'GCASH','09641210789','2024-03-04'),(36,6,'GCASH','09337575341','2024-01-01'),(37,6,'PayMaya','09337575341','2024-01-02'),(38,7,'PayMaya','09875421019','2024-01-03'),(39,5,'PayMaya','09641210789','2024-01-04'),(40,3,'ApplePay','09249570855','2024-01-05'),(41,7,'PayMaya','09875421019','2024-01-06'),(42,3,'DragonPay','09249570855','2024-01-07'),(43,5,'DragonPay','09641210789','2024-01-08'),(44,5,'DragonPay','09641210789','2024-01-09'),(45,2,'ApplePay','09623420499','2024-01-10'),(46,2,'ApplePay','09623420499','2024-01-11'),(47,8,'PayMaya','09811716206','2024-01-12'),(48,3,'DragonPay','09249570855','2024-01-13'),(49,2,'DragonPay','09623420499','2024-01-14'),(50,10,'DragonPay','09546827335','2024-01-15'),(51,6,'DragonPay','09337575341','2024-01-16'),(52,7,'GCASH','09875421019','2024-01-17'),(53,2,'PayMaya','09623420499','2024-01-18'),(54,10,'PayMaya','09546827335','2024-01-19'),(55,10,'ApplePay','09546827335','2024-01-20'),(56,8,'PayMaya','09811716206','2024-01-21'),(57,5,'ApplePay','09641210789','2024-01-22'),(58,6,'PayMaya','09337575341','2024-01-23'),(59,6,'DragonPay','09337575341','2024-01-24'),(60,2,'PayMaya','09623420499','2024-01-25'),(61,5,'PayMaya','09641210789','2024-01-26'),(62,4,'DragonPay','09444910835','2024-01-27'),(63,3,'ApplePay','09249570855','2024-01-28'),(64,7,'GCASH','09875421019','2024-01-29'),(65,4,'ApplePay','09444910835','2024-01-30'),(66,7,'PayMaya','09875421019','2024-01-31'),(67,2,'GCASH','09623420499','2024-02-01'),(68,6,'PayMaya','09337575341','2024-02-02'),(69,10,'GCASH','09546827335','2024-02-03'),(70,6,'PayMaya','09337575341','2024-02-04'),(71,8,'DragonPay','09811716206','2024-02-05'),(72,4,'PayMaya','09444910835','2024-02-06'),(73,6,'GCASH','09337575341','2024-02-07'),(74,7,'DragonPay','09875421019','2024-02-08'),(75,8,'ApplePay','09811716206','2024-02-09'),(76,2,'PayMaya','09623420499','2024-02-10'),(77,10,'DragonPay','09546827335','2024-02-11'),(78,4,'PayMaya','09444910835','2024-02-12'),(79,4,'DragonPay','09444910835','2024-02-13'),(80,8,'DragonPay','09811716206','2024-02-14'),(81,4,'ApplePay','09444910835','2024-02-15'),(82,6,'ApplePay','09337575341','2024-02-16'),(83,5,'GCASH','09641210789','2024-02-17'),(84,10,'DragonPay','09546827335','2024-02-18'),(85,10,'ApplePay','09546827335','2024-02-19'),(86,2,'GCASH','09623420499','2024-02-20'),(87,3,'PayMaya','09249570855','2024-02-21'),(88,4,'ApplePay','09444910835','2024-02-22'),(89,5,'DragonPay','09641210789','2024-02-23'),(90,6,'GCASH','09337575341','2024-02-24'),(91,7,'PayMaya','09875421019','2024-02-25'),(92,8,'ApplePay','09811716206','2024-02-26'),(93,2,'DragonPay','09623420499','2024-02-27'),(94,3,'GCASH','09249570855','2024-02-28'),(95,4,'PayMaya','09444910835','2024-02-29'),(96,5,'ApplePay','09641210789','2024-03-01'),(97,6,'DragonPay','09337575341','2024-03-02'),(98,7,'GCASH','09875421019','2024-03-03'),(99,8,'PayMaya','09811716206','2024-03-04'),(100,2,'ApplePay','09623420499','2024-03-05'),(101,3,'DragonPay','09249570855','2024-03-06'),(102,4,'GCASH','09444910835','2024-03-07'),(103,5,'PayMaya','09641210789','2024-03-08'),(104,6,'ApplePay','09337575341','2024-03-09'),(105,7,'DragonPay','09875421019','2024-03-10'),(106,8,'GCASH','09811716206','2024-03-11'),(107,2,'PayMaya','09623420499','2024-03-12'),(108,3,'ApplePay','09249570855','2024-03-13'),(109,4,'DragonPay','09444910835','2024-03-14'),(110,5,'GCASH','09641210789','2024-03-15'),(111,6,'PayMaya','09337575341','2024-03-16'),(112,7,'ApplePay','09875421019','2024-03-17'),(113,8,'DragonPay','09811716206','2024-03-18'),(114,2,'GCASH','09623420499','2024-03-19'),(115,3,'PayMaya','09249570855','2024-03-20'),(116,4,'ApplePay','09444910835','2024-03-21'),(117,5,'DragonPay','09641210789','2024-03-22'),(118,6,'GCASH','09337575341','2024-03-23'),(119,7,'PayMaya','09875421019','2024-03-24'),(120,8,'ApplePay','09811716206','2024-03-25'),(121,2,'DragonPay','09623420499','2024-03-26'),(122,3,'GCASH','09249570855','2024-03-27'),(123,4,'PayMaya','09444910835','2024-03-28'),(124,5,'ApplePay','09641210789','2024-03-29'),(125,6,'DragonPay','09337575341','2024-03-30'),(126,7,'GCASH','09875421019','2024-03-31'),(127,8,'PayMaya','09811716206','2024-04-01'),(128,2,'ApplePay','09623420499','2024-04-02'),(129,3,'DragonPay','09249570855','2024-04-03'),(130,4,'GCASH','09444910835','2024-04-04'),(131,2,'GCASH','09623420499','2024-04-05'),(132,3,'PayMaya','09249570855','2024-04-06'),(133,4,'ApplePay','09444910835','2024-04-07'),(134,5,'DragonPay','09641210789','2024-04-08'),(135,6,'GCASH','09337575341','2024-04-09'),(136,7,'PayMaya','09875421019','2024-04-10'),(137,8,'ApplePay','09811716206','2024-04-11'),(138,2,'DragonPay','09623420499','2024-04-12'),(139,3,'GCASH','09249570855','2024-04-13'),(140,4,'PayMaya','09444910835','2024-04-14'),(141,5,'ApplePay','09641210789','2024-04-15'),(142,6,'DragonPay','09337575341','2024-04-16'),(143,7,'GCASH','09875421019','2024-04-17'),(144,8,'PayMaya','09811716206','2024-04-18'),(145,2,'ApplePay','09623420499','2024-04-19'),(146,3,'DragonPay','09249570855','2024-04-20'),(147,4,'GCASH','09444910835','2024-04-21'),(148,5,'PayMaya','09641210789','2024-04-22'),(149,6,'ApplePay','09337575341','2024-04-23'),(150,7,'DragonPay','09875421019','2024-04-24'),(151,8,'GCASH','09811716206','2024-04-25'),(152,2,'PayMaya','09623420499','2024-04-26'),(153,3,'ApplePay','09249570855','2024-04-27'),(154,4,'DragonPay','09444910835','2024-04-28'),(155,5,'GCASH','09641210789','2024-04-29'),(156,6,'PayMaya','09337575341','2024-04-30'),(157,7,'ApplePay','09875421019','2024-05-01'),(158,8,'DragonPay','09811716206','2024-05-02'),(159,2,'GCASH','09623420499','2024-05-03'),(160,3,'PayMaya','09249570855','2024-05-04'),(161,4,'ApplePay','09444910835','2024-05-05'),(162,5,'DragonPay','09641210789','2024-05-06'),(163,6,'GCASH','09337575341','2024-05-07'),(164,7,'PayMaya','09875421019','2024-05-08'),(165,8,'ApplePay','09811716206','2024-05-09'),(166,2,'DragonPay','09623420499','2024-05-10'),(167,3,'GCASH','09249570855','2024-05-11'),(168,4,'PayMaya','09444910835','2024-05-12'),(169,5,'ApplePay','09641210789','2024-05-13'),(170,6,'DragonPay','09337575341','2024-05-14'),(171,7,'GCASH','09875421019','2024-05-15'),(172,8,'PayMaya','09811716206','2024-05-16'),(173,2,'ApplePay','09623420499','2024-05-17'),(174,3,'DragonPay','09249570855','2024-05-18'),(175,4,'GCASH','09444910835','2024-05-19'),(176,5,'PayMaya','09641210789','2024-05-20'),(177,6,'ApplePay','09337575341','2024-05-21'),(178,7,'DragonPay','09875421019','2024-05-22'),(179,8,'GCASH','09811716206','2024-05-23'),(180,2,'PayMaya','09623420499','2024-05-24'),(181,3,'ApplePay','09249570855','2024-05-25'),(182,4,'DragonPay','09444910835','2024-05-26'),(183,5,'GCASH','09641210789','2024-05-27'),(184,6,'PayMaya','09337575341','2024-05-28'),(185,7,'ApplePay','09875421019','2024-05-29'),(186,8,'DragonPay','09811716206','2024-05-30'),(187,2,'GCASH','09623420499','2024-05-31'),(188,3,'PayMaya','09249570855','2024-06-01'),(189,4,'ApplePay','09444910835','2024-06-02'),(190,5,'DragonPay','09641210789','2024-06-03'),(191,6,'GCASH','09337575341','2024-06-04'),(192,7,'PayMaya','09875421019','2024-06-05'),(193,8,'ApplePay','09811716206','2024-06-06'),(194,2,'DragonPay','09623420499','2024-06-07'),(195,3,'GCASH','09249570855','2024-06-08'),(196,4,'PayMaya','09444910835','2024-06-09'),(197,5,'ApplePay','09641210789','2024-06-10'),(198,6,'DragonPay','09337575341','2024-06-11'),(199,7,'GCASH','09875421019','2024-06-12'),(200,8,'PayMaya','09811716206','2024-06-13');
/*!40000 ALTER TABLE `transaction` ENABLE KEYS */;
UNLOCK TABLES;

--
-- Table structure for table `user`
--

DROP TABLE IF EXISTS `user`;
/*!40101 SET @saved_cs_client     = @@character_set_client */;
/*!50503 SET character_set_client = utf8mb4 */;
CREATE TABLE `user` (
  `UserID` int(11) NOT NULL AUTO_INCREMENT,
  `Username` varchar(45) NOT NULL,
  `Email` varchar(45) NOT NULL,
  `LastName` varchar(45) NOT NULL,
  `FirstName` varchar(45) NOT NULL,
  `Password` varchar(45) NOT NULL,
  `CustomerPicture` blob DEFAULT NULL,
  `UserType` varchar(45) NOT NULL,
  PRIMARY KEY (`UserID`)
) ENGINE=InnoDB AUTO_INCREMENT=11 DEFAULT CHARSET=utf8mb4 COLLATE=utf8mb4_unicode_ci;
/*!40101 SET character_set_client = @saved_cs_client */;

--
-- Dumping data for table `user`
--

LOCK TABLES `user` WRITE;
/*!40000 ALTER TABLE `user` DISABLE KEYS */;
INSERT INTO `user` VALUES (1,'JuanDela Cruz','juan@gmail.com','Dela Cruz','Juan','HnKe72',_binary 'pic1.jpg','Admin'),(2,'MariaSantos','maria@gmail.com','Santos','Maria','XpR9a4',_binary 'pic2.jpg','Customer'),(3,'PedroLopez','pedro@gmail.com','Lopez','Pedro','qS3vE8',_binary 'pic3.jpg','Customer'),(4,'AnaGarcia','ana@yahoo.com','Garcia','Ana','WzGp51',_binary 'pic4.jpg','Customer'),(5,'JoseReyes','jose@gmail.com','Reyes','Jose','TbNf94',_binary 'pic5.jpg','Customer'),(6,'SofiaTorres','sofia@gmail.com','Torres','Sofia','RmLx78',_binary 'pic6.jpg','Customer'),(7,'MiguelRivera','miguel@yahoo.com','Rivera','Miguel','AjYs62',_binary 'pic7.jpg','Customer'),(8,'LuciaCruz','lucia@gmail.com','Cruz','Lucia','LqPt49',_binary 'pic8.jpg','Customer'),(9,'DiegoGonzales','diego@yahoo.com','Gonzales','Diego','KfRh37',_binary 'pic9.jpg','Admin'),(10,'AndreaLopez','andrea@gmail.com','Lopez','Andrea','VwMz86',_binary 'pic10.jpg','Customer');
/*!40000 ALTER TABLE `user` ENABLE KEYS */;
UNLOCK TABLES;
/*!40103 SET TIME_ZONE=@OLD_TIME_ZONE */;

/*!40101 SET SQL_MODE=@OLD_SQL_MODE */;
/*!40014 SET FOREIGN_KEY_CHECKS=@OLD_FOREIGN_KEY_CHECKS */;
/*!40014 SET UNIQUE_CHECKS=@OLD_UNIQUE_CHECKS */;
/*!40101 SET CHARACTER_SET_CLIENT=@OLD_CHARACTER_SET_CLIENT */;
/*!40101 SET CHARACTER_SET_RESULTS=@OLD_CHARACTER_SET_RESULTS */;
/*!40101 SET COLLATION_CONNECTION=@OLD_COLLATION_CONNECTION */;
/*!40111 SET SQL_NOTES=@OLD_SQL_NOTES */;

-- Dump completed on 2024-03-28 19:45:42
